,service_id,service_number,origin_id,alteration_flag,provider,prefecture_id,city_id,name,abstract,provisions,target,how_to_apply,application_start_date,application_close_date,detail_url,contact,information_release_date,tags,theme,category,person_type,entity_type,keyword_type,issue_type
本文,サービスID,制度番号,元制度番号,制度変更区分,制度所管組織,都道府県,市町村,タイトル（制度名）,概要,支援内容,対象者,利用•申請方法,受付開始日,受付終了日,詳細参照先,お問い合わせ先,公開日,タグ,テーマ,タグ（カテゴリー）,タグ（対象者）,タグ（事業者分類）,タグ（キーワード）,タグ（テーマ）
,xsd:string,xsd:string,xsd:string,xsd:string,xsd:string,ic:コード型,ic:コード型,ic:名称型,ic:記述型,ic:記述型,xsd:string,xsd:string,xsd:text,xsd:text,xsd:anyURI,ic:連絡先型,xsd:date,xsd:string,xsd:string,xsd:string,xsd:string,xsd:string,xsd:string,xsd:string
"「生活困窮者自立支援制度」
様々な課題を抱える生活に困窮する方に対して、一人ひとりの状況に合わせた支援プランを作成し、 専門の支援員が相談者に寄り添いながら、他の専門機関と連携して、解決に向けた支援を行う制度です。
【相談先】お住まいの市区町村にある自立相談支援機関",,,,,厚生労働省,,,生活困窮者自立支援制度,,,,,,,https://www.mhlw.go.jp/stf/seisakunitsuite/bunya/0000073432.html,,,,,,,,,
"「住居確保給付金」
新型コロナウイルス感染症の影響による休業等も伴う収入減少等により、住居を失うおそれがある方に対して、家賃額（上限あり）を支給することで住まいの確保を支援しています。
【対象者】
①離職・廃業後２年以内の方
②給与等を得る機会が当該個人の責に帰すべき理由・当該個人の都合によらないで減少し、離職や廃業と同程度の状況にある方
【申請先・相談先】お住まいの市区町村にある自立相談支援機関",,,,,厚生労働省,,,住居確保給付金,,,,,,,https://corona-support.mhlw.go.jp/jukyokakuhokyufukin/index.html,,,,,,,,,
"「セーフティネット住宅登録制度」
低額所得者、高齢者、障害者、子育て世帯など、住宅の確保に特に配慮が必要な方の入居を拒まない住宅の登録制度です。
【相談先】
住宅をお探しの場合は、「セーフティネット住宅情報提供システム」をご覧ください。
ご相談を希望される場合は、上記ホームページ「お問い合わせ」をご覧ください。",,,,,国土交通省,,,セーフティネット住宅登録制度,,,,,,,https://www.mlit.go.jp/jutakukentiku/house/jutakukentiku_house_tk3_000055.html,,,,,,,,,
"「住宅確保用配慮者居住支援法人」
住宅確保要配慮者の民間賃貸住宅等への入居の円滑化に係る活動（マッチング・入居支援等）を行う団体です。",,,,,国土交通省,,,住宅確保用配慮者居住支援法人,,,,,,,https://www.mlit.go.jp/jutakukentiku/house/jutakukentiku_house_fr7_000026.html,,,,,,,,,
"「求職者支援制度」
再就職や転職を目指す求職者の方が、月10万円の生活支援の給付金を受給しながら、無料の職業訓練を受講することができます。
【対象者】雇用保険の適用がなかった離職者、フリーランス・自営業を廃業した方、就職が決まらないまま学校を卒業した方など
【申請先】住居所を管轄するハローワーク",,,,,厚生労働省,,,求職者支援制度,,,,,,,https://www.mhlw.go.jp/stf/seisakunitsuite/bunya/koyou_roudou/koyou/kyushokusha_shien/index.html,,,,,,,,,
"「雇用保険失業給付（基本手当）」
働く方が、定年、倒産、契約期間の満了等により離職した際に、失業中の生活を心配しないで、新しい仕事を探し、１日も早く再就職していただくために支給されるものです。
【対象者】離職の日以前2年間に、被保険者期間が通算して12か月以上あること（解雇等の理由により離職した方については、離職の日以前1年間に、被保険者期間が通算して6か月以上あること）等の要件に該当する方
【申請先】住居所を管轄するハローワーク",,,,,厚生労働省,,,雇用保険失業給付（基本手当）,,,,,,,https://www.mhlw.go.jp/stf/seisakunitsuite/bunya/0000139508.htmll,,,,,,,,,
"「未払賃金立替払制度」
企業倒産により賃金が支払われないまま退職した労働者に対して、未払賃金の一部を立替払する制度です。
【相談先】事業所を管轄する労働基準監督署",,,,,厚生労働省,,,未払賃金立替払制度,,,,,,,https://www.mhlw.go.jp/stf/seisakunitsuite/bunya/koyou_roudou/roudoukijun/shinsai_rousaihoshouseido/tatekae/index.html,,,,,,,,,
"「傷病手当（雇用保険）」
雇用保険（基本手当）の受給手続後に病気やケガのために15日以上職業に就くことができない状態になった方は、基本手当の残日数分の傷病手当を受給できます。
【申請先】住居所を管轄するハローワーク",,,,,厚生労働省,,,傷病手当（雇用保険）,,,,,,,https://www.mhlw.go.jp/stf/seisakunitsuite/bunya/0000139508.html,,,,,,,,,
"「傷病手当金（健康保険）」
健康保険制度においては、ケガや病気のため労務不能となり、収入の喪失又は減少を来たした場合に、生活保障を行う趣旨から、傷病手当金として、標準報酬日額の３分の２に相当する金額を支給しています。
【対象者】健康保険等の被保険者
【申請先】ご加入の医療保険者",,,,,,,,傷病手当金（健康保険）,,,,,,,,,,,,,,,,
"「休業（補償）等給付」
労働者が、業務または通勤等が原因となった負傷や疾病による療養のため労働することができず、そのために賃金を受けていないとき、その第4日目から休業（補償）等給付が支給されます。
【申請先】事業所を管轄する労働基準監督署",,,,,厚生労働省,,,休業（補償）等給付,,,,,,,https://www.mhlw.go.jp/new-info/kobetu/roudou/gyousei/rousai/040325-13.html,,,,,,,,,
"「育児休業給付」
働く方の職業生活の円滑な継続を支援、促進するため、子を養育するための育児休業を行う場合に支給される給付です。
【対象者】育児休業開始日前２年間に、被保険者期間が通算して12か月以上ある方
【申請先】住居所を管轄するハローワーク",,,,,厚生労働省,,,育児休業給付,,,,,,,https://www.mhlw.go.jp/stf/seisakunitsuite/bunya/0000158500.html,,,,,,,,,
"「介護休業給付」
働く方の職業生活の円滑な継続を支援、促進するため、介護休業を行う場合に支給される給付です。
【対象者】育児休業開始日前２年間に、被保険者期間が通算して12か月以上ある方
【申請先】住居所を管轄するハローワーク",,,,,厚生労働省,,,介護休業給付,,,,,,,https://www.mhlw.go.jp/stf/seisakunitsuite/bunya/0000158665.html,,,,,,,,,
"「補装具費支給制度」
障害者等が日常生活を送る上で必要な移動等を確保すること等を目的に、損なわれた身体機能を補完・代替する用具である補装具の購入等に要する費用を支給する制度です。
【対象者】補装具を必要とする障害者、障害児、難病患者等
※難病患者等については、政令に定める疾病に限る
【申請先】お住まいの市区町村
詳しい申請については、「お住まいの市区町村　補装具費支給制度」と検索してみてください。",,,,,厚生労働省,,,補装具費支給制度,,,,,,,https://www.mhlw.go.jp/stf/seisakunitsuite/bunya/hukushi_kaigo/shougaishahukushi/yogu/aiyo.html,,,,,,,,,
"「障害年金」
病気やケガによって生活や仕事などが制限されるようになった場合に、現役世代の方も含めて受け取ることができる年金です。(※一定の要件があります。）
【対象者】障害基礎年金：国民年金に加入されている方等で一定程度の障害の状態にある方
障害厚生年金：厚生年金保険に加入されている方等で一定程度の障害の状態にある方
【申請先】日本年金機構　",,,,,日本年金機構,,,障害年金,,,,,,,https://www.nenkin.go.jp/service/jukyu/shougainenkin/jukyu-yoken/20150401-01.html,,,,,,,,,
"「児童手当」
中学校卒業まで（15歳の誕生日後の最初の3月31日まで）の児童を養育している方に支給される手当です。
【申請先】お住まいの市区町村
詳しい申請については、「お住まいの市区町村　児童手当」と検索してみてください。",,,,,内閣府,,,児童手当,,,,,,,https://www8.cao.go.jp/shoushi/jidouteate/annai.html,,,,,,,,,
"「特別児童扶養手当」
20歳未満で精神又は身体に障害を有する児童を家庭で監護、養育している父母等に対して支給される手当です。
【申請先】お住まいの市区町村
詳しい申請については、「お住まいの市区町村　特別児童扶養手当」と検索してみてください。",,,,,厚生労働省,,,特別児童扶養手当,,,,,,,https://www.mhlw.go.jp/bunya/shougaihoken/jidou/huyou.html,,,,,,,,,
"「障害児福祉手当」
20歳未満で精神又は身体に重度の障害を有するため、日常生活において常時の介護を必要とする状態にある児童に対して支給される手当です。
【申請先】お住まいの市区町村
詳しい申請については、「お住まいの市区町村　障害児福祉手当」と検索してみてください。",,,,,厚生労働省,,,障害児福祉手当,,,,,,,https://www.mhlw.go.jp/bunya/shougaihoken/jidou/hukushi.html,,,,,,,,,
"「児童扶養手当」
離婚等によるひとり親世帯で、18歳以下のお子さんを監護しているご家庭に対し、支給される手当です。
【対象者】18歳に達する日以後の最初の３月31日までの間にある児童（障害児の場合は20歳未満）を監護する母、監護し、かつ生計を同じくする父又は養育する方（祖父母等）
【申請先】お住まいの市区町村
詳しい申請については、「お住まいの市区町村　児童扶養手当」と検索してみてください。",,,,,厚生労働省,,,児童扶養手当,,,,,,,https://www.mhlw.go.jp/bunya/kodomo/osirase/100526-1.html,,,,,,,,,
"「母子父子寡婦福祉資金貸付」
ひとり親家庭等を対象に、必要な資金の貸付けを行うものです。
【申請先】都道府県・指定都市・中核市",,,,,内閣府,,,母子父子寡婦福祉資金貸付,,,,,,,https://www.gender.go.jp/policy/no_violence/e-vaw/law/23.html,,,,,,,,,
"「遺族年金」
国民年金または厚生年金保険の被保険者または被保険者であった方が、亡くなったときに、その方によって生計を維持されていた遺族が受けることができる年金です。
【対象者】亡くなった方によって生計を維持されていた、
遺族基礎年金：子のある配偶者、子
遺族厚生年金：配偶者、子、父母、孫又は祖父母　の優先順位の高い方
【申請先】日本年金機構",,,,,日本年金機構,,,遺族年金,,,,,,,https://www.nenkin.go.jp/service/jukyu/izokunenkin/jukyu-yoken/20150401-03.html,,,,,,,,,
"「死亡一時金」
死亡日の前日において国民年金の第1号被保険者として保険料を納めた月数が36月以上ある方が、老齢基礎年金・障害基礎年金を受けることなく亡くなったときは、その方と生計を同じくしていた遺族が受けることができます。
【対象者】1・配偶者、2・子、3・父母、4・孫、5・祖父母、6・兄弟姉妹　のうち優先順位の高い方　
【申請先】日本年金機構",,,,,日本年金機構,,,死亡一時金,,,,,,,https://www.nenkin.go.jp/service/jukyu/sonota-kyufu/1go-dokuji/20140422-01.html,,,,,,,,,
"「未支給年金」
年金を受けている方が亡くなったときにまだ受け取っていない年金や、亡くなった日より後に振込みされた年金のうち、亡くなった月分までの年金については、未支給年金としてその方と生計を同じくしていた遺族が受け取ることができます。
【対象者】年金を受けていた方が亡くなった当時、その方と生計を同じくしていた、(1)配偶者　(2)子　(3)父母　(4)孫　(5)祖父母　(6)兄弟姉妹　(7)その他(1)〜(6)以外の３親等内の親族です。
【申請先】日本年金機構",,,,,日本年金機構,,,未支給年金,,,,,,,https://www.nenkin.go.jp/service/jukyu/tetsuduki/kyotsu/jukyu/20140731-01.html,,,,,,,,,
"「老齢年金」
老齢年金には「老齢基礎年金」と「老齢厚生年金」があります。
「老齢基礎年金」は、保険料納付済期間（厚生年金保険や共済組合の加入期間を含む）と保険料免除期間などを合算した資格期間が、10年以上ある場合に、終身にわたって受け取ることができます。
「老齢厚生年金」は、厚生年金保険の加入者であった方の老後の保障として給付され、65歳になったときに、老齢基礎年金に上乗せする形で支給されます。
【対象者】原則、保険料納付済期間と保険料免除期間などを合算した資格期間が10年以上ある65歳以上の者
（老齢厚生年金は厚生年金保険に加入されていた方が対象です。）
【申請先】日本年金機構　",,,,,日本年金機構,,,老齢年金,,,,,,,https://www.nenkin.go.jp/service/jukyu/tetsuduki/rourei/seikyu/20140421-05.html,,,,,,,,,
"「生活保護」
最低生活の保障と自立の助長を図ることを目的として、その困窮の程度に応じ、必要な保護を行う制度です。
【対象者】あらゆる資産、能力等を活用してもなお生活にお困りの方
【申請先】お住まいの地域にある福祉事務所",,,,,厚生労働省,,,生活保護制度,,,,,,,https://www.mhlw.go.jp/stf/seisakunitsuite/bunya/hukushi_kaigo/seikatsuhogo/seikatuhogo/index.html,,,,,,,,,
「乳幼児・子ども医療費助成」 自治体によりますが、乳幼児・子どもの医療費を助成しています。 【申請先】お住まいの市区町村 詳しい申請については、「お住まいの市区町村 乳幼児・子ども医療費助成」と検索してみてください。,,,,,,,,乳幼児・子ども医療費助成,,,,,,,,,,,,,,,,
"「小児慢性特定疾病医療費助成制度」
児童福祉法に基づいて指定される小児慢性特定疾病にかかっている児童等について、患児家庭の医療費の負担軽減を図るため、その医療費の自己負担分の一部を助成する制度です。
【対象者】小児慢性特定疾病にかかっている18歳未満の児童のうち、その病状の程度が一定以上の児童。（ただし、18歳到達時点において本制度の対象となっており、かつ、18歳到来後も引き続き治療が必要と認められる場合には、20歳未満の方を含む。）
【申請先】都道府県、指定都市、中核市及び児童相談所設置市
各自治体の担当窓口一覧はこちら。",,,,,厚生労働省,,,小児慢性特定疾病医療費助成制度,,,,,,,https://www.mhlw.go.jp/stf/seisakunitsuite/bunya/0000078973.html,,,,,,,,,
"「特定疾病療養費」
特定疾病の自己負担額が1つの医療機関につき1か月1万円(一部例外あり)までとなる制度です。
【対象者】健康保険等の被保険者等
【申請先・相談先】ご加入の医療保険者",,,,,,,,特定疾病療養費,,,,,,,,,,,,,,,,
"「難病医療費助成制度」
難病の患者に対する医療等に関する法律に基づいて指定される指定難病にかかっている方について、長期の療養による医療費の負担軽減を図るため、その医療費の自己負担分の一部を助成する制度です。
【対象者】指定難病にかかっている方のうち、
・「その病状の程度が一定以上の方」
・「月ごとの医療費総額が33,330円を超える月が３月以上ある場合」
のいずれかを満たす方
【申請先】都道府県及び指定都市
各自治体の難病対策担当窓口一覧はこちら。",,,,,厚生労働省,,,難病医療費助成制度,,,,,,,https://www.mhlw.go.jp/stf/seisakunitsuite/bunya/kenkou_iryou/kenkou/nanbyou/index.html,,,,,,,,,
"「肝炎治療医療費助成制度」
Ｂ型ウイルス性肝炎に対するインターフェロン治療と核酸アナログ製剤治療、Ｃ型ウイルス性肝炎の根治を目的としたインターフェロン治療とインターフェロンフリー治療への医療費の助成が受けられます。
患者の世帯所得（市町村民税課税年額）に応じ、その自己負担限度月額を原則１万円（上位所得階層は２万円）に軽減します。
【申請先】お住まいの市区町村
詳しい申請については、「お住まいの市区町村　肝炎治療医療費助成制度」と検索してみてください。",,,,,厚生労働省,,,肝炎治療医療費助成制度,,,,,,,https://www.mhlw.go.jp/bunya/kenkou/kekkaku-kansenshou09/080328_josei.html,,,,,,,,,
"「肝がん・重度肝硬変治療研究促進事業」
Ｂ型・Ｃ型肝炎ウイルスが原因の「肝がん」や「重度肝硬変」の治療を受けている場合、治療３月目から患者さんの自己負担額が１万円となるよう助成が受けられます。
【対象者】助成対象となる主な要件
・Ｂ型・Ｃ型肝炎ウイルスが原因の肝がん・重度肝硬変と診断されていること。
・年収約３７０万円以下であること。
・肝がん・重度肝硬変の入院治療又は肝がんの通院治療（分子標的薬を用いた化学療法※に限る）を受けていること。
※「肝動注化学療法」を含む。
・上記の治療に係る医療費について、高額療養費算定基準額を超えた月が助成月を含め過去１年間で３月以上あること。
なお、３月目以降（助成が行われる月）については、都道府県が指定する指定医療機関で治療を受けている必要があります。
【申請先】お住まいの市区町村
詳しい申請については、「お住まいの市区町村　肝がん・重度肝硬変治療研究促進事業」と検索してみてください。",,,,,厚生労働省,,,肝がん・重度肝硬変治療研究促進事業,,,,,,,https://www.mhlw.go.jp/stf/seisakunitsuite/bunya/kenkou_iryou/kenkou/kekkaku-kansenshou/kanen/kangan/index.html,,,,,,,,,
"「自立支援医療」
心身の障害を除去・軽減するための医療について、医療費の自己負担額を軽減する公費負担医療制度です。
【対象者】精神通院医療：精神保健福祉法第5条に規定する統合失調症などの精神疾患を有する者で、通院による精神医療を継続的に要する方
更生医療：身体障害者福祉法に基づき身体障害者手帳の交付を受けた者で、その障害を除去・軽減する手術等の治療により確実に効果が期待できる方（18歳以上）
【申請先】お住まいの市区町村
詳しい申請については、「お住まいの市区町村　自立支援医療」と検索してみてください。",,,,,,,,自立支援医療,,,,,,,https://www.mhlw.go.jp/stf/seisakunitsuite/bunya/hukushi_kaigo/shougaishahukushi/jiritsu/index.html,,,,,,,,,
"「自動車損害賠償責任保険」
自動車事故による被害者を救済するため、加害者が負うべき経済的な負担を補てんすることにより、基本的な対人賠償を確保することを目的としており、原動機付自転車（原付）を含むすべての自動車に加入が義務付けられています。なお、無保険車による事故、ひき逃げ事故の被害者に対しては、政府保障事業によって、救済が図られています。
【申請先】・自賠責保険（共済）：損害保険会社（組合）
・政府保障事業：国土交通省",,,,,国土交通省,,,自動車損害賠償責任保険,,,,,,,https://www.mlit.go.jp/jidosha/anzen/04relief/jibai/insurance.html,,,,,,,,,
"「高額療養費」
家計に対する医療費の自己負担が過重なものとならないよう、医療費の自己負担に一定の歯止めを設ける仕組みです。医療機関や薬局の窓口で支払った額（※）が、暦月（月の初めから終わりまで）で一定額を超えた場合に、その超えた金額を高額療養費として支給します。（※）入院時の食費負担や差額ベッド代等は含みません。
【対象者】健康保険等の被保険者等
【申請先】ご加入の医療保険者",,,,,厚生労働省,,,高額療養費,,,,,,,https://www.mhlw.go.jp/stf/seisakunitsuite/bunya/kenkou_iryou/iryouhoken/juuyou/kougakuiryou/index.html,,,,,,,,,
"「医療保険一部負担免除」
自然災害等により被災され、災害救助法の適用された地域にお住まいの方は、保険医療機関等の窓口における一部負担金の免除が利用できる場合があります。
【対象者】健康保険等の被保険者等
【申請先】ご加入の医療保険者",,,,,厚生労働省,,,医療保険一部負担免除,,,,,,,https://www.mhlw.go.jp/shinsai_jouhou/kojin_2.html,,,,,,,,,
"「無料低額診療事業」
生計困難者が、経済的な理由によって必要な医療を受ける機会を制限されることのないよう、無料又は低額な料金で診療を行う事業です。
【対象者】低所得者、ホームレス、外国人等の生計困難者（具体的な対象者の要件や診療費の減免方法については、各病院又は診療所において定めています。）
【申請先】無料低額診療事業の実施を都道府県（政令指定都市又は中核市の場合は市）に届け出た病院又は診療所",,,,,,,,無料低額診療事業,,,,,,,,,,,,,,,,
"「日本司法支援センター（法テラス）」
経済的に余裕のない方が法的トラブルにあったときに、弁護士・司法書士と面談のほか電話などでも無料で法律相談を受けられる制度です。
【対象者】法テラスが定める収入等に関する一定の要件を満たす方が利用できます。
ただし、我が国に住所を有しなかったり、適法な在留資格のない外国人や、法人・組合等の団体は対象者に含まれません。
【申請先】全国の法テラスのほか、法テラスと契約している弁護士・司法書士の事務所等",,,,,日本司法支援センター,,,日本司法支援センター（法テラス）,,,,,,,https://www.houterasu.or.jp/madoguchi_info/faq/faq_2/index.html,,,,,,,,,
"「減免や猶予制度について」
主たる生計維持者の死亡や失業、災害により被災した等により保険料の支払いが困難であるときは、保険料の減免や支払いの猶予が認められる場合があります。
【対象者】国民健康保険の被保険者
【申請先】お住まいの市区町村の国民健康保険の窓口",,,,,,,,減免や猶予制度について,,,,,,,,,,,,,,,,
"「総合労働相談コーナー」
都道府県労働局、全国の労働基準監督署内などに設置しております。いじめ・嫌がらせなどの労働問題について、専門の相談員が労働者等からの相談をお受けするとともに、相談者の希望に応じ、裁判所等の他の紛争解決機関の情報を提供しています。",,,,,厚生労働省,,,総合労働相談コーナー,,,,,,,https://www.mhlw.go.jp/general/seido/chihou/kaiketu/soudan.html,,,,,,,,,
"「労働基準監督署」
労働基準法などの労働基準関係法令に関して、どなたでもご相談いただけます。
【相談先】事業所を管轄する労働基準監督署",,,,,厚生労働省,,,労働基準監督署,,,,,,,https://www.mhlw.go.jp/stf/seisakunitsuite/bunya/koyou_roudou/roudoukijun/location.html,,,,,,,,,
"「労災保険給付」
労働者が業務や通勤等が原因で負傷した場合、病気になった場合、亡くなった場合に、ご本人やご遺族に労災保険給付が支給されます。
【申請先】事業所を管轄する労働基準監督署",,,,,厚生労働省,,,労災保険給付,,,,,,,https://www.mhlw.go.jp/new-info/kobetu/roudou/gyousei/rousai/040325-12.html,,,,,,,,,
"「育児休業制度」
１歳未満の子を養育する労働者は、原則１回休業できます。配偶者が専業主婦（夫）でも取得できます。保育所に入所できない等の場合は、最長２歳まで延長できます。
【対象者】労働者（日々雇用を除く。有期契約労働者も要件を満たせば取得できます。）
【相談先】都道府県労働局雇用環境・均等部（室）",,,,,厚生労働省,,,育児休業制度,,,,,,,https://www.mhlw.go.jp/stf/seisakunitsuite/bunya/0000130583.html,,,,,,,,,
"「介護休業制度」
要介護状態(※)にある対象家族1人につき通算93日まで、3回まで分割して休業できます。
※負傷、疾病又は身体上もしくは精神上の障害により、２週間以上常時介護が必要な状態
【対象者】労働者（日々雇用を除く。有期契約労働者も要件を満たせば取得できます。）
【相談先】都道府県労働局雇用環境・均等部（室）",,,,,厚生労働省,,,介護休業制度,,,,,,,https://www.mhlw.go.jp/stf/seisakunitsuite/bunya/0000130583.html,,,,,,,,,
"「マザーズハローワーク」
子育てをしながら働きたいママ・パパを応援するため、お子様連れでも安心して利用できる設備を用意し、専門スタッフがお待ちしています。相談は無料です。全国の窓口一覧はこちら。",,,,,厚生労働省,,,マザーズハローワーク,,,,,,,https://www.mhlw.go.jp/stf/newpage_21046.html,,,,,,,,,
"「地域若者サポートステーション」
働くことの不安や悩みについて、キャリアコンサルタントなどの専門スタッフに相談することができます。また、就職に向けた職場体験や就活セミナーなど、さまさまなプログラムを受けることができます。
【対象者】就労・就学中でない15歳〜49歳までの方で、働くことについて不安や悩みを抱えている方
【申請先】全国177カ所の地域若者サポートステーション",,,,,厚生労働省,,,地域若者サポートステーション,,,,,,,https://www.mhlw.go.jp/stf/seisakunitsuite/bunya/koyou_roudou/jinzaikaihatsu/saposute.html,,,,,,,,,
"「新卒応援ハローワーク」
新卒者や学校卒業後少なくとも３年以内の未就職の方の就職を支援する専門のハローワークです。
【対象者】大学院・大学・短大・高専・専修学校等の学生・生徒や、学校卒業後少なくとも３年以内の方
【申請先】全国56カ所の新卒応援ハローワーク",,,,,厚生労働省,,,新卒応援ハローワーク,,,,,,,https://www.mhlw.go.jp/stf/seisakunitsuite/bunya/0000132220.html,,,,,,,,,
"「ハローワーク求人ホットライン（求職者・就業者専用）」
電話番号：03-6858-8609
ハローワークの求人票の記載内容と実際の労働条件などが違っていた場合は、相談できます。
受付時間：全日8:30〜17:15
（土日祝も受付。ただし、年末年始を除く）
※通話料は利用者負担となります。
また、住居所を管轄するハローワークでも相談できます。",,,,,厚生労働省,,,ハローワーク求人ホットライン（求職者・就業者専用）,,,,,,,https://www.hellowork.mhlw.go.jp/member/hotline.html,,,,,,,,,
"「教育訓練給付」
働く方の主体的な能力開発の取組みや中長期的なキャリア形成を支援し、雇用の安定と再就職の促進を図るため、教育訓練費用の一部が支給されるものです。

【対象者】雇用保険の被保険者又は被保険者であった方で一定の支給要件期間を満たした方
【申請先】住居所を管轄するハローワーク",,,,,厚生労働省,,,教育訓練給付,,,,,,,https://www.mhlw.go.jp/stf/seisakunitsuite/bunya/koyou_roudou/jinzaikaihatsu/kyouiku.html,,,,,,,,,
"「ハロートレーニング」
仕事をお探しの方を対象とした無料の職業訓練です。
【対象者】再就職やキャリアアップを目指している方
※ハローワークへ求職登録いただき、職業訓練の受講を通じた支援が必要と認められることが必要です。
【申請先】住居所を管轄するハローワーク",,,,,厚生労働省,,,ハロートレーニング,,,,,,,https://www.mhlw.go.jp/stf/seisakunitsuite/bunya/koyou_roudou/jinzaikaihatsu/rishokusha.html,,,,,,,,,
"「就職氷河期世代支援プログラム」
不本意に非正規で働いている方々や、長期にわたって無業の方々など、就職氷河期世代の方々に対し、就労や社会参加など個々人の状況に応じた様々な支援策を提供しています。
【対象者】就職氷河期世代の方々
【申請先】お住まいの市区町村
詳しい申請については、「お住まいの市区町村　就職氷河期世代支援プログラム」と検索してみてください。",,,,,内閣官房,,,就職氷河期世代支援プログラム,,,,,,,https://www.cas.go.jp/jp/seisaku/shushoku_hyogaki_shien/index.html,,,,,,,,,
"「就職氷河期世代活躍支援」
就職氷河期世代の方々の、就職・正社員化の実現、多様な社会参加への実現を目指した支援を実施しています。
【対象者】バブル崩壊後の1990年代～2000年代の雇用環境が厳しい時期に就職活動を行った方々の中で、転職や就職をお考えの方、就職に向けてスキルアップしたい方、就職のための準備をしたい方、社会参加に向けた支援をお探しの方
【申請先】ハローワークや地域若者サポートステーションをはじめとした各機関において支援を行っています。お住まいの地域の支援内容はこちら。",,,,,厚生労働省,,,就職氷河期世代活躍支援,,,,,,,https://www.mhlw.go.jp/shushoku_hyogaki_shien/,,,,,,,,,
"「障害者就業・生活支援センター」
働くこと・働き続けることを希望する障害ある方に対して、就業面と生活面の一体的な相談・支援をしています。
なお、職業紹介をご希望の場合は、お近くのハローワークの障害者専門窓口へのご相談もご検討ください。

【申請先】
全国336か所の障害者就業・生活支援センター",,,,,厚生労働省,,,障害者就業・生活支援センター,,,,,,,https://www.mhlw.go.jp/stf/newpage_18012.html,,,,,,,,,
"「就労移行支援」
一般企業等への就労を希望する障害のある方に、一定期間、就労に必要な知識及び能力の向上のために必要な訓練を行います。
【対象者】障害者（身体障害者、知的障害者、精神障害者、難病患者等）
【申請先】お住まいの市区町村
詳しい申請については、「お住まいの市区町村　就労移行支援」と検索してみてください。",,,,,厚生労働省,,,就労移行支援,,,,,,,https://www.mhlw.go.jp/stf/seisakunitsuite/bunya/hukushi_kaigo/shougaishahukushi/service/shurou.html,,,,,,,,,
"「就労継続支援A・B型」
一般企業等での就労が困難な障害のある方に、就労する機会を提供するとともに、能力等の向上のために必要な訓練を行います。事業者と雇用契約を締結するA型と雇用契約を締結しないB型があります。
【対象者】障害者（身体障害者、知的障害者、精神障害者、難病患者等）
【申請先】お住まいの市区町村
詳しい申請については、「お住まいの市区町村　就労継続支援A・B型」と検索してみてください。",,,,,厚生労働省,,,就労継続支援A・B型,,,,,,,https://www.mhlw.go.jp/stf/seisakunitsuite/bunya/hukushi_kaigo/shougaishahukushi/service/shurou.html,,,,,,,,,
"「働く人の悩みホットライン」(03-5772-2183)
職場、暮らし、家族、将来設計など、働くうえでの様々な悩みを専門家に相談できます。一般社団法人日本産業カウンセラー協会が運営しています。
【受付時間】月〜土15:00〜20:00
※１回30分以内",,,,,一般社団法人 日本産業カウンセラー協会,,,働く人の悩みホットライン,,,,,,,https://counselor.or.jp/consultation/tabid/298/Default.aspx,,,,,,,,,
"「入院助産制度」
保健上必要があるにもかかわらず、経済的理由により、病院等施設における出産費用を負担できない方について、出産にかかる費用を公費で負担する制度です。
【対象者】経済的理由により、入院助産を受けることができない妊産婦
【申請先】都道府県、市、福祉事務所を設置する町村",,,,,,,,入院助産制度,,,,,,,,,,,,,,,,
"「出産育児一時金」
出産育児一時金とは、健康保険法等に基づく保険給付として、健康保険や国民健康保険などの被保険者またはその被扶養者が出産したとき、出産に要する経済的負担を軽減するため、一定の金額が支給される制度です。

【対象者】健康保険等の被保険者等
【申請先・相談先】ご加入の医療保険者",,,,,厚生労働省,,,出産育児一時金,,,,,,,https://www.mhlw.go.jp/stf/seisakunitsuite/bunya/kenkou_iryou/iryouhoken/shussan/index.html,,,,,,,,,
"「妊婦健診費用の助成」
妊婦健康診査の受診費用について支援を受けることができます。
【申請先】お住まいの市区町村
詳しい申請については、「お住まいの市区町村　妊婦健診費用の助成」と検索してみてください。",,,,,,,,妊婦健診費用の助成,,,,,,,,,,,,,,,,
"「特定不妊治療費助成」
不妊治療の経済的負担の軽減を図るため、高額な医療費がかかる配偶者間の特定不妊治療に要する費用の一部について支援を受けることができます。
【対象者】特定不妊治療以外の治療法によっては妊娠の見込みがないか、又は極めて少ないと医師に診断された夫婦
【申請先】都道府県、指定都市、中核市",,,,,厚生労働省,,,特定不妊治療費助成,,,,,,,https://www.mhlw.go.jp/stf/seisakunitsuite/bunya/0000047270.html,,,,,,,,,
"「出産手当金」
健康保険制度等においては、出産のために会社を休み、事業主から報酬が受けられないときに、生活保障を行う趣旨から、出産手当金として、標準報酬日額の３分の２に相当する金額を支給しています。
【対象者】健康保険等の被保険者
【申請先・相談先】ご加入の医療保険者",,,,,,,,出産手当金,,,,,,,,,,,,,,,,
"「未熟児養育医療制度」
未熟児（身体の発育が未熟のまま出生した乳児（１歳未満）であって、正常児が出生時に有する諸機能を得るに至るまでのもの）に対して、医療保険の自己負担分を補助する制度です。
【対象者】未熟児であって、医師が入院養育を必要と認めたもの
【申請先】お住まいの市区町村
詳しい申請については、「お住まいの市区町村　未熟児養育医療制度」と検索してみてください。",,,,,,,,未熟児養育医療制度,,,,,,,,,,,,,,,,
"「子育て世代包括支援センター」
保健師などによる妊娠・出産・子育てに関する各種の相談支援のほか、利用可能な母子保健サービス及び子育て支援サービスについて情報提供を受けることができます。
【申請先】お住まいの市区町村
詳しい申請については、「お住まいの市区町村　子育て世代包括支援センター」と検索してみてください。",,,,,厚生労働省,,,子育て世代包括支援センター,,,,,,,https://www.mhlw.go.jp/stf/seisakunitsuite/bunya/kodomo/kodomo_kosodate/boshi-hoken/index.html#h2_free8,,,,,,,,,
"「若年妊婦等支援事業」
各種相談支援のほか、産科等医療機関への同行支援や、妊娠の判定に要する費用について支援を受けることができます。
【対象者】10代の妊娠に悩んでいる方や、10代に限らず出産後の育児に不安を抱えている方など
【申請先】都道府県、指定都市、中核市",,,,,,,,若年妊婦等支援事業,,,,,,,,,,,,,,,,
"「全国のにんしんSOS相談窓口」
誰にも言えない思いがけない妊娠をした方へ。具体的な全国の相談窓口を探すことができます。お住まいの地域にある窓口に相談すると、より具体的な支援情報を得ることができます。",,,,,一般社団法人 全国妊娠SOSネットワーク,,,全国のにんしんSOS相談窓口,,,,,,,https://zenninnet-sos.org/contact-list,,,,,,,,,
"「産前・産後サポート事業」
助産師や子育て経験者などによる産前・産後の心身の不調に関する相談支援を受けることができます。また、多胎妊産婦の方は、育児支援及び家事支援を受けることができます。
【対象者】身近に相談できる人 がいないなど、支援が必要な妊産婦及びその家族
【申請先】お住まいの市区町村
詳しい申請については、「お住まいの市区町村　産前・産後サポート事業」と検索してみてください。",,,,,厚生労働省,,,産前・産後サポート事業,,,,,,,https://www.mhlw.go.jp/stf/seisakunitsuite/bunya/kodomo/kodomo_kosodate/boshi-hoken/index.html#h2_free8,,,,,,,,,
"「産後ケア事業」
産後ケアセンターや利用者の自宅において、助産師や保健師などによる授乳や育児に関する指導、育児サポート及び心身のケア等を受けることができます。
【対象者】産後に心身の不調又は育児不安があるなど支援を必要とする方など
【申請先】お住まいの市区町村
詳しい申請については、「お住まいの市区町村　産後ケア事業」と検索してみてください。",,,,,厚生労働省,,,産後ケア事業,,,,,,,https://www.mhlw.go.jp/stf/seisakunitsuite/bunya/kodomo/kodomo_kosodate/boshi-hoken/index.html#h2_free8,,,,,,,,,
"「児童相談所」
　虐待や子育ての悩みなど子どもの福祉に関する様々な相談を受け付けています。",,,,,厚生労働省,,,児童相談所,,,,,,,https://www.mhlw.go.jp/stf/seisakunitsuite/bunya/kodomo/kodomo_kosodate/zisouichiran.html,,,,,,,,,
"「地域子育て支援拠点事業」
乳幼児やその保護者の方同士が交流する場所を開設し、子育てに関する相談・助言や情報提供、講習会の開催などを行っています。
【申請先】お住まいの市区町村
詳しい申請については、「お住まいの市区町村　地域子育て支援拠点」と検索してみてください。",,,,,厚生労働省,,,地域子育て支援拠点事業,,,,,,,https://www.mhlw.go.jp/stf/seisakunitsuite/bunya/kodomo/kodomo_kosodate/kosodate/index.html,,,,,,,,,
"「一時預かり事業（一時保育）」
日常生活上の突発的な事情や社会参加により、一時的に家庭での保育が困難となった場合や、育児疲れのリフレッシュなどのため、乳幼児を保育所等で一時的に預かります。
【申請先・相談先】お住まいの市区町村又は一時預かり実施施設",,,,,,,,一時預かり事業（一時保育）,,,,,,,,,,,,,,,,
"「子育て短期支援事業」
保護者の疾病その他の理由により家庭において子どもを養育することが一時的に困難となった場合等に、児童養護施設等において一定期間、養育・保護を行います。
【申請先】お住まいの市区町村
詳しい申請については、「お住まいの市区町村　子育て短期支援事業」と検索してみてください。",,,,,,,,子育て短期支援事業,,,,,,,,,,,,,,,,
"「ファミリー・サポート・センター事業」
子どもの預かりや送迎をお願いしたい人と預かりや送迎を提供したい人との相互援助活動に関する連絡・調整を行っています。
【申請先】お住まいの市区町村（お住まいの市区町村が認めた民間団体へ委託して行うこともあります。）",,,,,,,,ファミリー・サポート・センター事業,,,,,,,,,,,,,,,,
"「病児・病後児保育事業」
子どもが病気の際、自宅での保育が困難な場合に、病院・保育所等において、病気の児童を一時的に保育します。
【申請先・相談先】お住まいの市区町村又は病児・病後児保育実施施設",,,,,,,,病児・病後児保育事業,,,,,,,,,,,,,,,,
"「高等教育の修学支援新制度」
・授業料
・入学金の免除または減額（授業料等減免）
・給付型奨学金の支給
の2つの支援により、大学や専門学校などで安心して学んでいただく制度です。
【対象者】
・世帯収入や資産の要件を満たしていること（4人世帯の場合、年収約380万円まで）
・学ぶ意欲がある学生であること
の2つの要件を満たす学生全員。
　どのくらいの収入の世帯が対象となるか、どのくらいの給付型奨学金が受けられるかは、日本学生支援機構のホームページでシミュレーションすることができます。
【申請先】文部科学省、独立行政法人日本学生支援機構",,,,,文部科学省,,,高等教育の修学支援新制度,,,,,,,https://www.mext.go.jp/kyufu/,,,,,,,,,
"「高等学校等就学支援金・高校生等奨学給付金」
保護者の年収が約910万円未満世帯の場合，高校の授業料に充てるための高等学校等就学支援金を受け取ることができます。また、住民税が非課税などの低所得世帯の場合，教科書費や学用品費など授業料以外に充てるための高校生等奨学給付金を受け取ることができます。
【申請先】お住まいの都道府県
詳しい申請については、「お住まいの都道府県　高等学校等就学支援金・高校生等奨学給付金」と検索してみてください。",,,,,文部科学省,,,高等学校等就学支援金・高校生等奨学給付金,,,,,,,https://www.mext.go.jp/a_menu/shotou/mushouka/index.htm,,,,,,,,,
"「就学援助制度」
子供が学校で勉強するために必要な学用品（制服，ランドセル，文房具等）や給食などにかかるお金の一部を受け取ることができます。
住んでいる市区町村によって，受け取れる条件や金額が異なります。
【申請先】お住まいの市区町村
詳しい申請については、「お住まいの市区町村　就学援助制度」と検索してみてください。",,,,,文部科学省,,,就学援助制度,,,,,,,https://www.mext.go.jp/a_menu/shotou/career/05010502/017.htm,,,,,,,,,
"「養育支援訪問事業」
市区町村が養育支援が特に必要であると判断した家庭に対して、その居宅を訪問し、養育に関する相談や育児・家事援助等を行うことにより、当該家庭の適切な養育の実施を確保する事業です。
【申請先】お住まいの市区町村
詳しい申請については、「お住まいの市区町村　養育支援訪問事業」と検索してみてください。",,,,,厚生労働省,,,養育支援訪問事業,,,,,,,https://www.mhlw.go.jp/bunya/kodomo/kosodate09/,,,,,,,,,
"「ひとり親家庭等日常生活支援事業」
仕事や修学、疾病などにより、生活援助、保育等のサービスが必要となった際に、家庭生活支援員を派遣したり、家庭生活支援員の居宅等において子どものお世話などを行います。
【申請先】お住まいの都道府県、市区町村
詳しい申請については、「お住まいの都道府県　お住まいの市区町村ひとり親家庭等日常生活支援事業」と検索してみてください。",,,,,厚生労働省,,,ひとり親家庭等日常生活支援事業,,,,,,,https://www.mhlw.go.jp/stf/seisakunitsuite/bunya/0000098023.html,,,,,,,,,
"「就学相談（教育委員会）」
障害のある子供の就学先の決定にあたっては、お住まいの市区町村の教育委員会において、障害のある就学先の学校等を判断します。",,,,,文部科学省,,,就学相談（教育委員会）,,,,,,,https://www.mext.go.jp/a_menu/shotou/tokubetu/material/1340250_00001.htm,,,,,,,,,
"「障害福祉サービス」
自宅で子どもの介護等を行う「居宅介護」や、施設で子どもを短期間入所させる「短期入所」があります。
【申請先】お住まいの市区町村
詳しい申請については、「お住まいの市区町村　障害福祉サービス」と検索してみてください。",,,,,厚生労働省,,,障害福祉サービス,,,,,,,https://www.mhlw.go.jp/stf/seisakunitsuite/bunya/hukushi_kaigo/shougaishahukushi/service/naiyou.html,,,,,,,,,
"「障害児支援施策」
事業所に通所して、集団生活への適応等に向けた支援等を受ける「児童発達支援」等があります。
【申請先】お住まいの市区町村
詳しい申請については、「お住まいの市区町村　障害児支援施策」と検索してみてください。",,,,,厚生労働省,,,障害児支援施策,,,,,,,https://www.mhlw.go.jp/stf/seisakunitsuite/bunya/0000117218.html,,,,,,,,,
"「高等職業訓練修了支援給付金」
ひとり親の就職を容易にするために必要な資格の取得を促進するため、当該資格に係る養成機関への入学時の負担を考慮し、養成機関での訓練修了後に給付金を支給します。
【対象者】次のいずれにも該当するひとり親
①　児童扶養手当の支給を受けているか又は同等の所得水準にあること
②　養成機関において１年以上（※）のカリキュラムを修業し、対象資格の取得が見込まれること
※令和３年度に限り、６月以上に拡充
【申請先】お住まいの都道府県、市区町村
詳しい申請については、「お住まいの都道府県　お住まいの市区町村　高等職業訓練修了支援給付金」と検索してみてください。",,,,,厚生労働省,,,高等職業訓練修了支援給付金,,,,,,,https://www.mhlw.go.jp/stf/seisakunitsuite/bunya/0000062986.html,,,,,,,,,
"「高等職業訓練促進給付金」
ひとり親の就職を容易にするために必要な資格の取得を促進するため、当該資格に係る養成訓練の受講期間の生活費として給付金を支給します。
【対象者】次のいずれにも該当するひとり親
①　児童扶養手当の支給を受けているか又は同等の所得水準にあること
②　養成機関において１年以上（※）のカリキュラムを修業し、対象資格の取得が見込まれる者であること
※令和３年度に限り、６月以上に拡充
【申請先】お住まいの都道府県、市区町村
詳しい申請については、「お住まいの都道府県　お住まいの市区町村　高等職業訓練促進給付金」と検索してみてください",,,,,厚生労働省,,,高等職業訓練促進給付金,,,,,,,https://www.mhlw.go.jp/stf/seisakunitsuite/bunya/0000062967_00005.html,,,,,,,,,
"「ひとり親家庭等生活向上事業」
ひとり親家庭等に対し、生活に関する悩み相談、家計管理・育児等に関する専門家による講習会の実施、高等学校卒業程度認定試験合格のための学習支援等を行います。
また、ひとり親家庭等の子どもに対し、基本的な生活習慣の習得支援、学習支援や食事の提供を行います。
【申請先】お住まいの都道府県・市区町村
詳しい申請については、「お住まいの都道府県　お住まいの市区町村　ひとり親家庭等生活向上事業」と検索してみてください。",,,,,厚生労働省,,,ひとり親家庭等生活向上事業,,,,,,,https://www.mhlw.go.jp/stf/seisakunitsuite/bunya/0000097604.html,,,,,,,,,
"「母子家庭等就業・自立支援センター事業」
ひとり親等に対し、就業相談から就業支援講習会、就業情報の提供等までの一貫した就業支援サービスや養育費の取り決めなどに関する専門相談など生活支援サービスを提供します。
【申請先】都道府県、指定都市及び中核市",,,,,厚生労働省,,,母子家庭等就業・自立支援センター事業,,,,,,,https://www.mhlw.go.jp/stf/seisakunitsuite/bunya/0000062967.html,,,,,,,,,
"「児童家庭支援センター」
子どもと家庭に関する様々な相談に応じています。",,,,,全国児童家庭支援センター協議会,,,児童家庭支援センター,,,,,,,http://www4.ttn.ne.jp/~e-jikasen/entrance.html,,,,,,,,,
"「法務少年支援センター」
非行や犯罪，問題行動，親子関係，職場や学校などでのトラブル，交友関係などにお悩みのご本人やご家族などに，カウンセリングや心理相談，発達・性格等の調査などの心理的支援を行っています。",,,,,法務省,,,法務少年支援センター,,,,,,,https://www.moj.go.jp/kyousei1/kyousei_k06-1.html,,,,,,,,,
"「DV相談ナビ」(#8008)
最寄りの配偶者暴力相談支援センター等のDVの相談窓口に相談することができます。#8008に電話いただくと、最寄りの相談機関の窓口に電話が自動転送され、直接ご相談いただくことができます。",,,,,内閣府,,,DV相談ナビ,,,,,,,https://www.gender.go.jp/policy/no_violence/dv_navi/index.html,,,,,,,,,
"「DV相談プラス」(0120-279-889)
配偶者やパートナーからの暴力（ＤＶ）について、２４時間対応の電話相談に加え、ＳＮＳ（１０の外国語にも対応）・メールでも相談することができます。",,,,,内閣府,,,DV相談プラス,,,,,,,https://soudanplus.jp/,,,,,,,,,
"「配偶者暴力相談支援センター」
DV相談や相談機関の紹介などのDV被害者の支援を行っています。支援センターの一覧はこちら。",,,,,内閣府,,,配偶者暴力相談支援センター,,,,,,,https://www.gender.go.jp/policy/no_violence/e-vaw/soudankikan/01.html,,,,,,,,,
"「性犯罪・性暴力被害者のためのワンストップ支援センター（はやくワンストップ）」(#8891)
最寄りのワンストップ支援センターにつながります。ここでは、緊急避妊薬の処方、証拠採取、カウンセリング、法律相談などを提供しています。",,,,,内閣府,,,性犯罪・性暴力被害者のためのワンストップ支援センター（はやくワンストップ）,,,,,,,https://www.gender.go.jp/policy/no_violence/seibouryoku/consult.html,,,,,,,,,
"「女性の人権ホットライン」(0570-070-810)
女性をめぐる様々な人権問題について，専門に扱う相談電話です。全国の法務局・地方法務局に設置して，電話相談を受け付けています。
受付時間：平日8:30～17:15",,,,,法務省,,,女性の人権ホットライン,,,,,,,https://www.moj.go.jp/JINKEN/jinken108.html,,,,,,,,,
"「性犯罪被害相談電話」(＃8103)
各都道府県警察の性犯罪被害相談電話窓口につながります。この電話は、性犯罪の被害に遭われた方が相談しやすい環境を整備するために設けられています。",,,,,警察庁,,,性犯罪被害相談電話,,,,,,,https://www.npa.go.jp/higaisya/seihanzai/seihanzai.html,,,,,,,,,
"性暴力に関するSNS相談「Cure time（キュアタイム）」
性暴力の悩みを、チャットで相談することができます。モヤモヤしていること、イヤだったこと、どうしていいかわからないこと、専門の相談員が一緒に考えます。ひみつは守ります。",,,,,内閣府,,,性暴力に関するSNS相談「Cure time（キュアタイム）」,,,,,,,https://curetime.jp/,,,,,,,,,
"「婦人相談所」
複雑で深刻化する現代の女性の様々な問題に対して、相談・保護・自立支援など専門的支援を切れ目なく一貫して行うことを目的とした公的機関です。相談所の一覧はこちら。",,,,,厚生労働省,,,婦人相談所,,,,,,,https://www.mhlw.go.jp/stf/seisakunitsuite/bunya/kodomo/kodomo_kosodate/dv/index_00023.html,,,,,,,,,
"「介護保険サービス（在宅サービス）」
介護保険サービスのうち、訪問介護(ホームヘルプ）、通所介護（デイ）、短期入所生活介護（ショートステイ）など、要介護者が在宅で自立した日常生活を営むことができるよう支援するサービスがあります。
【対象者】65 歳以上：要支援・要介護状態の方
40〜64歳：末期がんや関節リウマチ等の加齢に起因する疾病（特定疾病）により要支援・要介護状態になった方
【申請先】介護サービス事業所
【相談先】地域包括支援センター",,,,,厚生労働省,,,介護保険サービス（在宅サービス）,,,,,,,https://www.kaigokensaku.mhlw.go.jp/publish/,,,,,,,,,
"「地域包括支援センター」
高齢者の各種相談を幅広く受け付けて、制度横断的に支援する総合相談支援等を実施しています。",,,,,厚生労働省,,,地域包括支援センター,,,,,,,https://www.mhlw.go.jp/stf/seisakunitsuite/bunya/hukushi_kaigo/kaigo_koureisha/chiiki-houkatsu/,,,,,,,,,
"「介護保険サービス（福祉用具の購入・貸与）」
介護保険サービスにおいて、要介護者等の日常生活の便宜を図るための用具、要介護者等の機能訓練のための用具であって、利用者がその居宅において自立した日常生活を営むことができるよう助けるものについて、保険給付の対象とすることができます。
【対象者】　　　　　　　　
居宅要介護者、要支援者
※福祉用具貸与については手すり、スロープ、歩行器、歩行補助つえ以外の種目を利用するにつき、以下の要件があります。
・自動排泄処理装置：要介護４以上
・上記以外の種目：要介護２以上
【申請先】
・お住まいの市区町村
・介護サービス事業所
【相談先】
・地域包括支援センター",,,,,厚生労働省,,,介護保険サービス（福祉用具の購入・貸与）,,,,,,,https://www.kaigokensaku.mhlw.go.jp/publish/,,,,,,,,,
"「高額介護サービス費等」
月々の介護サービスに係る自己負担額の限度額設定や市町村民税世帯非課税者の介護保険施設に係る食費・居住費の一部補助を実施しています。また、主たる生計維持者が死亡や被災した場合等に利用料の減免や支払いの猶予が認められる場合があります。
【対象者】介護保険サービス利用者
【申請先】お住まいの市区町村
【相談先】地域包括支援センター",,,,,厚生労働省,,,高額介護サービス費等,,,,,,,https://www.kaigokensaku.mhlw.go.jp/commentary/fee.html,,,,,,,,,
"「介護保険サービス（施設サービス）」
在宅での生活が困難な中重度の要介護高齢者等を支援する介護老人福祉施設（特別養護老人ホーム）や、要介護高齢者にリハビリ等を提供し在宅復帰を目指して在宅療養支援を行う介護老人保健施設などがあります。
【対象者】65 歳以上：要支援・要介護状態の方
40〜64歳：末期がんや関節リウマチ等の加齢に起因する疾病（特定疾病）により要支援・要介護状態になった方
※介護老人福祉施設（特別養護老人ホーム）は原則要介護３以上
【申請先】介護サービス事業所
【相談先】地域包括支援センター",,,,,厚生労働省,,,介護保険サービス（施設サービス）,,,,,,,https://www.kaigokensaku.mhlw.go.jp/publish/,,,,,,,,,
"「警察相談専用電話」(#9110)
地域を管轄する警察本部などの相談窓口につながり、相談することができます。",,,,,政府広報オンライン,,,警察相談専用電話,,,,,,,https://www.gov-online.go.jp/useful/article/201309/3.html,,,,,,,,,
"「犯罪被害者等早期援助団体」
都道府県公安委員会から指定を受けた団体です。また、犯罪被害等を早期に軽減するとともに、犯罪被害者等が再び平穏な生活を営むことができるように支援することを目的として設置され、犯罪被害者支援に関する事業を適正かつ確実に行うことができると認められる営利を目的としない法人です。",,,,,警察庁,,,犯罪被害者等早期援助団体,,,,,,,https://www.npa.go.jp/higaisya/renkei/dantai.html,,,,,,,,,
"「部内カウンセラーの配置、カウンセリング費用の公費負担制度」
警察部内にカウンセリングに関する専門的知識や技術を有する職員を配置しているほか、犯罪被害者等が警察部外の精神科医や公認心理師等のカウンセリングを受けた場合に当該費用を公費により負担する制度があります。
【申請先】都道府県警察等",,,,,警察庁,,,部内カウンセラーの配置、カウンセリング費用の公費負担制度,,,,,,,https://www.npa.go.jp/higaisya/shien/pdf/3-2_seisinntekihigainokaifuku_R2.pdf,,,,,,,,,
"「消費者ホットライン」(#188)
契約や悪質商法におけるトラブル、製品・食品やサービスによる事故等に関する相談窓口を案内します。",,,,,消費者庁,,,消費者ホットライン,,,,,,,https://www.caa.go.jp/policies/policy/local_cooperation/local_consumer_administration/damage/,,,,,,,,,
"「消費者団体訴訟制度」
内閣総理大臣が認定した消費者団体が、事業者の不当な行為をやめさせることができる制度です",,,,,消費者庁,,,消費者団体訴訟制度,,,,,,,https://www.caa.go.jp/policies/policy/consumer_system/collective_litigation_system/about_system/,,,,,,,,,
"「精神保健福祉センター」
心の健康相談や精神科医療の相談など精神保健福祉全般にわたる相談を行っています。",,,,,全国精神保健福祉センター長会,,,精神保健福祉センター,,,,,,,https://www.zmhwc.jp/centerlist.html,,,,,,,,,
"「摂食障害情報ポータルサイト」
摂食障害で悩んでいるご本人や、ご本人を周囲で支える方をはじめとする一般の方向けに摂食障害に関する情報を紹介するサイトです。",,,,,摂食障害全国支援センター,,,摂食障害情報ポータルサイト,,,,,,,https://www.edportal.jp/,,,,,,,,,
"「アレルギーポータルサイト」
アレルギーに関する正しい情報や対策方法、医療機関の情報、電話相談窓口、よくある質問などを掲載しています",,,,,厚生労働省,,,アレルギーポータルサイト,,,,,,,https://allergyportal.jp/,,,,,,,,,
"「依存症相談拠点機関」
依存症（アルコール、薬物、ギャンブル等）について、専門の相談員が相談を受け付けています。",,,,,依存症対策全国センター,,,依存症相談拠点機関,,,,,,,https://www.ncasa-japan.jp/you-do/treatment/treatment-map/,,,,,,,,,
"「ひきこもり支援推進事業」
ひきこもり支援を専門とする相談窓口として、全ての都道府県、指定都市に設置されているひきこもり地域支援センターでは、社会福祉士等の資格を有するひきこもり支援コーディネーターが、ひきこもり状態にある方やそのご家族等へ相談支援を行っています。
加えて、生活全般にわたる困りごとの相談窓口として、市等に設置されている自立相談支援機関においても、ひきこもりに関する相談をすることができます。
また、KHJ全国ひきこもり家族会連合会では、ひきこもりを抱えた家族・本人が社会的に孤立しないよう、全国の家族会と連携した取組を行っています。
【相談先】
・お住まいの都道府県・指定都市にあるひきこもり地域支援センター
・お住まいの市区町村にある自立相談支援機関
・KHJ全国ひきこもり家族会連合会",,,,,厚生労働省,,,ひきこもり支援推進事業,,,,,,,https://www.mhlw.go.jp/stf/seisakunitsuite/bunya/hukushi_kaigo/seikatsuhogo/hikikomori/index.html,,,,,,,,,
"「市区町村（保健センター）」
健康についてお困りの方の相談を行っています。
【申請先】お住まいの市区町村
詳しい申請については、「お住まいの市区町村　市区町村（保健センター）」と検索してみてください。",,,,,厚生労働省,,,市区町村（保健センター）,,,,,,,https://www.mhlw.go.jp/stf/seisakunitsuite/bunya/tiiki/index.html,,,,,,,,,
"「医療機能情報提供制度（医療情報ネット）」
医療情報ネットを確認すれば、診療科目、診療日、診療時間や対応可能な疾患治療内容等の医療機関の詳細がわかります。",,,,,厚生労働省,,,医療機能情報提供制度（医療情報ネット）,,,,,,,https://www.mhlw.go.jp/stf/seisakunitsuite/bunya/kenkou_iryou/iryou/teikyouseido/index.html,,,,,,,,,
"「こども医療でんわ相談」(＃８０００)
保護者の方が、休日・夜間のこどもの症状にどのように対応したら良いのか、病院を受診した方がよいのかなど判断に迷った時に、小児科医師・看護師に電話で相談することができます。",,,,,厚生労働省,,,こども医療でんわ相談,,,,,,,https://www.mhlw.go.jp/topics/2006/10/tp1010-3.html,,,,,,,,,
"「救急安心センター」(＃７１１９)
急な病気やケガをしたときに、救急車を呼んだ方が良いのか、今すぐ病院に行った方が良いのかなど判断に迷った際、専門家（看護師等）からアドバイスを受けることができる相談窓口です。
※都道府県または市町村（いずれも一部地域を除く。）が設置した相談窓口に繋がります。（実施地域については、消防庁又はお住まいの自治体にご確認ください。）",,,,,総務省消防庁,,,救急安心センター,,,,,,,https://www.fdma.go.jp/mission/enrichment/appropriate/appropriate008.html,,,,,,,,,
"「地域生活定着促進事業」
刑務所等から出た後、高齢又は障害により福祉的な支援が必要な人の福祉サービスの利用に関して、本人等からの相談に応じて、助言等を行います。
【相談先】各都道府県が設置する地域生活定住支援センター",,,,,法務省,,,地域生活定着促進事業,,,,,,,https://www.moj.go.jp/hogo1/soumu/hogo_hogo01.html,,,,,,,,,
"「被災者支援に関する各種制度」
被災された方や地域が、各種の支援制度を最大限に活用しながら生活再建や復興に向けて取り組むことができるための制度です。
【申請先】制度によって異なりますので、実施者やお問い合わせ先については、パンフレットをご覧ください。",,,,,内閣府,,,被災者支援に関する各種制度,,,,,,,http://www.bousai.go.jp/taisaku/hisaisyagyousei/seido.html,,,,,,,,,
"「被災者生活再建支援制度」
自然災害によりその生活基盤に著しい被害を受けた方に対し、都道府県が相互扶助の観点から拠出した基金を活用して被災者生活再建支援金を支給することにより、その生活の再建を支援し、もって住民の生活の安定と被災地の速やかな復興に資することを目的とするものです。
【対象者】
・制度の対象となる自然災害
１０世帯以上の住宅全壊被害が発生した市町村等
・制度の対象となる被災世帯
上記の自然災害により
①住宅が「全壊」した世帯
②住宅が半壊、又は住宅の敷地に被害が生じ、その住宅をやむを得ず解体した世帯
③災害による危険な状態が継続し、住宅に居住不能な状態が長期間継続している世帯
④住宅が半壊し、大規模な補修を行わなければ居住することが困難な世帯（大規模半壊世帯）
⑤住宅が半壊し、相当規模の補修を行わなければ居住することが困難な世帯（中規模半壊世帯）",,,,,内閣府,,,被災者生活再建支援制度,,,,,,,http://www.bousai.go.jp/taisaku/seikatsusaiken/shiensya.html,,,,,,,,,
"「災害障害見舞金」
自然災害による負傷、疾病で精神又は身体に著しい障害が出た場合、災害弔慰金の支給等に関する法律に基づき、災害障害見舞金を支給する制度です。
【対象者】自然災害により重度の障害（両眼失明、要常時介護、両上肢肘関節以上切断等）を受けた方
【申請先】お住まいの市区町村
詳しい申請については、「お住まいの市区町村　災害障害見舞金」と検索してみてください。",,,,,内閣府,,,災害障害見舞金,,,,,,,http://www.bousai.go.jp/taisaku/hisaisyagyousei/index.html,,,,,,,,,
"「災害弔慰金」
自然災害により死亡された方のご遺族に対して、災害弔慰金の支給等に関する法律に基づき、災害弔慰金を支給する制度です。
【対象者】災害により死亡した方のご遺族
（ご遺族の範囲）
　ア　配偶者、子、父母、孫、祖父母
　イ　上記のいずれも存在しない場合には兄弟姉妹
（死亡した方の死亡当時その方と同居し、又は生計を同じくしている方に限る。）
【申請先】お住まいの市区町村
詳しい申請については、「お住まいの市区町村　災害弔慰金」と検索してみてください。",,,,,内閣府,,,災害弔慰金,,,,,,,http://www.bousai.go.jp/taisaku/hisaisyagyousei/index.html,,,,,,,,,
"「新卒者内定取消等特別相談窓口」
新型コロナウイルス感染症の影響で内定取消しや入職時期の繰下げにあった方の特別相談窓口です。
【相談先】全国56カ所の新卒応援ハローワーク",,,,,厚生労働省,,,新卒者内定取消等特別相談窓口,,,,,,,https://www.mhlw.go.jp/stf/houdou/0000193580_00003.html,,,,,,,,,
"「新型コロナウイルス感染症対応休業支援金・給付金」
新型コロナウイルス感染症及びそのまん延防止の措置の影響により休業させたれた労働者のうち、休業中に賃金（休業手当）を受けることができなかった方に対し支給します。
【申請先】厚生労働省
申請方法は、オンライン申請と郵送申請があります。郵送申請をする場合の郵送先は以下のとおりです。
〒600-8799
日本郵便株式会社 京都中央郵便局留置
厚生労働省 新型コロナウイルス感染症対応休業支援金・給付金担当",,,,,厚生労働省,,,新型コロナウイルス感染症対応休業支援金・給付金,,,,,,,https://www.mhlw.go.jp/stf/kyugyoshienkin.html,,,,,,,,,
"「新型コロナウイルスの影響で学びの継続が困難になっている学生への経済的支援一覧」
新型コロナウイルス感染症の影響で学びの継続が困難となっている学生・生徒の皆さまに関係する経済的支援制度をまとめています。",,,,,文部科学省,,,新型コロナウイルスの影響で学びの継続が困難になっている学生への経済的支援一覧,,,,,,,https://www.mext.go.jp/a_menu/coronavirus/benefit/index.html,,,,,,,,,
"「低所得の子育て世帯に対する子育て世帯生活支援特別給付金（ひとり親世帯分）」
新型コロナウイルス感染症による影響が長期化する中で、低所得の子育て世帯に対し、その実情を踏まえた生活の支援を行う観点から、児童１人につき５万円の子育て世帯生活支援特別給付金を支給します。
【対象者】児童扶養手当は受給していないが、新型コロナウイルス感染症の影響を受けて家計が急変し、収入が児童扶養手当を受給している方と同じ水準となっている方
※ひとり親世帯以外の低所得の子育て世帯対象の子育て世帯生活支援特別給付金の支給を既に受けている方を除く。
【申請先】お住まいの市区町村
詳しい申請については、「お住まいの市区町村　低所得の子育て世帯に対する子育て世帯生活支援特別給付金（ひとり親世帯分）」と検索してみてください。",,,,,厚生労働省,,,低所得の子育て世帯に対する子育て世帯生活支援特別給付金（ひとり親世帯分）,,,,,,,https://www.mhlw.go.jp/stf/newpage_11456.html,,,,,,,,,
"「低所得の子育て世帯に対する子育て世帯生活支援特別給付金（ひとり親世帯以外の低所得の子育て世帯分）」
新型コロナウイルス感染症による影響が長期化する中で、住民税非課税の子育て世帯に対し、その実情を踏まえた生活の支援を行う観点から、児童１人当たり一律５万円を支給する制度です。
【対象者】令和３年３月31日時点で18歳未満の児童（障害児の場合､20歳未満）を養育する父母等で、令和３年度住民税が非課税の方または令和３年１月１日以降の収入が急変し住民税非課税相当の収入となった方
（※ただし、既にひとり親世帯分の給付金を受給している場合は、ひとり親世帯以外の低所得の子育て世帯分の給付金は受け取れません。）
【申請先】お住まいの市区町村
詳しい申請については、「お住まいの市区町村　低所得の子育て世帯に対する子育て世帯生活支援特別給付金（ひとり親世帯以外の低所得の子育て世帯分）」と検索してみてください。",,,,,厚生労働省,,,低所得の子育て世帯に対する子育て世帯生活支援特別給付金（ひとり親世帯以外の低所得の子育て世帯分）,,,,,,,https://www.mhlw.go.jp/stf/newpage_18013.html,,,,,,,,,
"「緊急小口資金等の特例貸付」
新型コロナウイルス感染症の影響を受け、収入が減少し生活資金にお悩みの方へ特例貸付を実施しています。
【対象者】新型コロナウイルス感染症の影響を受け、収入の減少や失業等により生活に困窮し、生活資金にお悩みの世帯
【申請先・相談先】お住まいの市区町村の社会福祉協議会",,,,,厚生労働省,,,緊急小口資金等の特例貸付,,,,,,,https://corona-support.mhlw.go.jp/seikatsufukushi/index.html,,,,,,,,,
"「新型コロナウイルス感染症の影響による特別労働相談窓口一覧」
新型コロナウイルス感染症に関連した労働問題（労働条件、安全衛生、雇用の維持・確保に関する助成金等）についての相談窓口です。",,,,,厚生労働省,,,新型コロナウイルス感染症の影響による特別労働相談窓口一覧,,,,,,,https://www.mhlw.go.jp/stf/seisakunitsuite/bunya/koyou_roudou/index_00004.html,,,,,,,,,
"「ＦＲＥＳＣヘルプデスク」
新型コロナウイルス感染症の影響で困っている外国人からの相談に１８言語で対応しています。相談内容に応じて，利用できる制度や在留のために必要な手続等について案内します。",,,,,出入国在留管理庁,,,ＦＲＥＳＣヘルプデスク,,,,,,,https://www.moj.go.jp/isa/support/fresc/fresc01.html,,,,,,,,,